sample_path,gender,raw_num_betas,model_num_betas,forward_betas_dim,kid_template_path,height_canonical,shoulder_width,pelvis_width,torso_height,upper_arm,forearm,arm_length,thigh,shank,leg_length,shoulder_width_ratio,pelvis_width_ratio,torso_height_ratio,upper_arm_ratio,forearm_ratio,arm_length_ratio,thigh_ratio,shank_ratio,leg_length_ratio,mode,height_cm,gt_group
/home/jaeson1012/agora_dataset/smplx_gt/smplx_gt/trainset_3dpeople_kids_bfh/10106_k_Mady_0_0.pkl,neutral,11,10,11,/home/jaeson1012/agora_dataset/models/smplx_kid_template.npy,1.5398114323616028,0.2491760700941085,0.0964634269475936,0.4091058671474457,0.2355955615639686,0.217666894197464,0.4532624557614326,0.3347889631986618,0.3564260452985763,0.6912150084972382,0.1618224575147804,0.0626462597434077,0.2656856927734337,0.1530028655538923,0.141359448061526,0.2943623136154183,0.2174220532219307,0.2314738271243558,0.4488958803462866,kids,153.98114323616028,excluded
/home/jaeson1012/agora_dataset/smplx_gt/smplx_gt/trainset_3dpeople_kids_bfh/10107_k_Mady_0_0.pkl,neutral,11,10,11,/home/jaeson1012/agora_dataset/models/smplx_kid_template.npy,1.5621384978294373,0.2519665956497192,0.0992753580212593,0.4151508212089538,0.2406867071986198,0.2218166142702102,0.4625033214688301,0.3394888192415237,0.3608769625425339,0.7003657817840576,0.1612959388683027,0.0635509323656004,0.2657580117165016,0.1540751396454601,0.1419954854056925,0.2960706250511526,0.2173231244945548,0.2310147039100347,0.4483378284045896,kids,156.21384978294373,excluded
/home/jaeson1012/agora_dataset/smplx_gt/smplx_gt/trainset_3dpeople_kids_bfh/10109_k_Mady_0_0.pkl,neutral,11,10,11,/home/jaeson1012/agora_dataset/models/smplx_kid_template.npy,1.6035728454589844,0.2605153620243072,0.0982648655772209,0.420401006937027,0.2503822892904281,0.2320792376995086,0.4824615269899368,0.3541206866502762,0.3758459389209747,0.7299666255712509,0.1624593249767465,0.0612787038989145,0.2621652069798533,0.1561402651581832,0.1447263455206997,0.300866610678883,0.220832304346559,0.2343803338808707,0.4552126382274298,kids,160.35728454589844,excluded
/home/jaeson1012/agora_dataset/smplx_gt/smplx_gt/trainset_3dpeople_kids_bfh/10110_k_Mady_0_0.pkl,neutral,11,10,11,/home/jaeson1012/agora_dataset/models/smplx_kid_template.npy,1.652289092540741,0.2642923295497894,0.103311151266098,0.4406107366085052,0.250489242374897,0.2316411733627319,0.4821304157376289,0.3601783663034439,0.383120596408844,0.7432989627122879,0.1599552588847418,0.0625260747241485,0.2666668554538321,0.1516013411368087,0.1401940946100025,0.2917954357468113,0.2179874986341489,0.2318726172910309,0.4498601159251798,kids,165.2289092540741,excluded
/home/jaeson1012/agora_dataset/smplx_gt/smplx_gt/trainset_3dpeople_kids_bfh/10111_k_Mady_0_0.pkl,neutral,11,10,11,/home/jaeson1012/agora_dataset/models/smplx_kid_template.npy,1.635904312133789,0.265653520822525,0.1033056005835533,0.4341921210289001,0.2544724494218826,0.2363396808505058,0.4908121302723884,0.3562420606613159,0.3811053186655044,0.7373473793268204,0.1623894006832345,0.0631489261427563,0.2654141307706209,0.1555546052017932,0.1444703575249071,0.3000249627267004,0.2177646076356704,0.2329630870453604,0.4507276946810309,kids,163.5904312133789,excluded
/home/jaeson1012/agora_dataset/smplx_gt/smplx_gt/trainset_3dpeople_kids_bfh/10112_k_Mady_0_0.pkl,neutral,11,10,11,/home/jaeson1012/agora_dataset/models/smplx_kid_template.npy,1.698425531387329,0.2802562117576599,0.1095221191644668,0.4485180974006653,0.2629145681858063,0.2438366860151291,0.5067512542009354,0.3730827569961548,0.3991666883230209,0.7722494453191757,0.1650094199471539,0.0644844988140313,0.264078753593807,0.1547989966749081,0.1435663098022056,0.2983653064771138,0.2196638887613805,0.2350216014457629,0.4546854902071434,kids,169.8425531387329,excluded
/home/jaeson1012/agora_dataset/smplx_gt/smplx_gt/trainset_3dpeople_kids_bfh/10184_k_Mady_0_0.pkl,neutral,11,10,11,/home/jaeson1012/agora_dataset/models/smplx_kid_template.npy,1.6353048086166382,0.265617698431015,0.1049225330352783,0.4290807545185089,0.256138414144516,0.2374748885631561,0.4936133027076721,0.3604104071855545,0.3857070803642273,0.7461174875497818,0.1624270270786462,0.0641608417479283,0.2623857963711875,0.1566303803394258,0.1452175076547622,0.301847887994188,0.2203934124613981,0.2358624999644625,0.4562559124258607,kids,163.53048086166382,excluded
/home/jaeson1012/agora_dataset/smplx_gt/smplx_gt/trainset_3dpeople_kids_bfh/10185_k_Mady_0_0.pkl,neutral,11,10,11,/home/jaeson1012/agora_dataset/models/smplx_kid_template.npy,1.6323208808898926,0.2680316567420959,0.1014823913574218,0.4384463429450989,0.247675709426403,0.2301863804459571,0.4778620898723602,0.3530201464891433,0.3768777698278427,0.7298979163169861,0.1642027985306253,0.0621706139678227,0.2686030351496031,0.1517322435349706,0.1410178495789789,0.2927500931139495,0.216268841881559,0.2308846099073242,0.4471534517888832,kids,163.23208808898926,excluded
/home/jaeson1012/agora_dataset/smplx_gt/smplx_gt/trainset_3dpeople_kids_bfh/10193_k_Mila_0_0.pkl,neutral,11,10,11,/home/jaeson1012/agora_dataset/models/smplx_kid_template.npy,1.4445313215255735,0.2532171010971069,0.0983198061585426,0.3902820348739624,0.2242226377129554,0.2071416079998016,0.4313642457127571,0.3066719770431518,0.3326844274997711,0.639356404542923,0.1752936037618648,0.0680634643869866,0.2701790048150596,0.1552217209635532,0.1433971039001347,0.298618824863688,0.2122985998803229,0.2303061363518391,0.442604736232162,kids,144.45313215255734,excluded
/home/jaeson1012/agora_dataset/smplx_gt/smplx_gt/trainset_3dpeople_kids_bfh/10209_k_Mila_0_0.pkl,neutral,11,10,11,/home/jaeson1012/agora_dataset/models/smplx_kid_template.npy,1.4334042072296145,0.2626267969608307,0.0990902930498123,0.3915634155273437,0.2217683643102646,0.2045872956514358,0.4263556599617004,0.3022578209638595,0.3300300538539886,0.6322878748178482,0.1832189382703276,0.0691293443608117,0.2731702708506282,0.1547144644837364,0.1427282650766375,0.297442729560374,0.2108671227832118,0.2302421411835034,0.4411092639667153,kids,143.34042072296145,excluded
/home/jaeson1012/agora_dataset/smplx_gt/smplx_gt/trainset_3dpeople_kids_bfh/10210_k_Mila_0_0.pkl,neutral,11,10,11,/home/jaeson1012/agora_dataset/models/smplx_kid_template.npy,1.5037286281585691,0.2638272047042846,0.1031518429517746,0.403842955827713,0.2335941568017006,0.215820662677288,0.4494148194789886,0.3225800991058349,0.3497901558876037,0.6723702549934387,0.1754486812074338,0.0685973792213372,0.268561060995593,0.1553432929502409,0.1435236775012902,0.2988669704515311,0.2145201554756984,0.23261521350162,0.4471353689773184,kids,150.3728628158569,excluded
/home/jaeson1012/agora_dataset/smplx_gt/smplx_gt/trainset_3dpeople_kids_bfh/10251_k_Lilly_0_0.pkl,neutral,11,10,11,/home/jaeson1012/agora_dataset/models/smplx_kid_template.npy,1.7697004675865171,0.3109960556030273,0.1157727316021919,0.474446177482605,0.2746149450540542,0.2555930018424988,0.530207946896553,0.3856240510940552,0.4156708866357803,0.8012949377298355,0.1757337251694111,0.0654193936898714,0.2680940566906474,0.1551759464857738,0.1444272669436944,0.2996032134294682,0.217903570777693,0.2348820573024225,0.4527856280801156,kids,176.9700467586517,excluded
/home/jaeson1012/agora_dataset/smplx_gt/smplx_gt/trainset_3dpeople_kids_bfh/10257_k_Layla_0_0.pkl,neutral,11,10,11,/home/jaeson1012/agora_dataset/models/smplx_kid_template.npy,1.4566903114318848,0.2562715709209442,0.100379392504692,0.394979864358902,0.2261202409863472,0.2082523480057716,0.4343725889921188,0.3095236271619797,0.3352054804563522,0.6447291076183319,0.1759272845503013,0.0689092195622706,0.2711488236443669,0.1552287670287842,0.1429626780458679,0.2981914450746522,0.212484166835521,0.2301144435613461,0.4425986103968672,kids,145.66903114318848,excluded
/home/jaeson1012/agora_dataset/smplx_gt/smplx_gt/trainset_3dpeople_kids_bfh/10291_k_Layla_0_0.pkl,neutral,11,10,11,/home/jaeson1012/agora_dataset/models/smplx_kid_template.npy,1.513721585273743,0.2674629688262939,0.1037213802337646,0.4092476665973663,0.2352598085999488,0.217253066599369,0.4525128751993179,0.3240023851394653,0.3513436913490295,0.6753460764884949,0.1766923134533526,0.0685207776930838,0.270358611899795,0.1554181501332058,0.1435224738240624,0.2989406239572683,0.2140435786154641,0.2321058870845739,0.446149465700038,kids,151.3721585273743,excluded
/home/jaeson1012/agora_dataset/smplx_gt/smplx_gt/trainset_3dpeople_kids_bfh/10293_k_Layla_0_0.pkl,neutral,11,10,11,/home/jaeson1012/agora_dataset/models/smplx_kid_template.npy,1.5033333897590635,0.2725439369678497,0.1019093766808509,0.41197669506073,0.2330543249845504,0.2157115042209625,0.448765829205513,0.3170855790376663,0.3444008231163025,0.6614864021539688,0.1812930776529415,0.067788939815395,0.2740421372046799,0.1550250440601878,0.1434888000828174,0.2985138441430053,0.2109216632835415,0.2290914480197229,0.4400131113032645,kids,150.33333897590634,excluded
/home/jaeson1012/agora_dataset/smplx_gt/smplx_gt/trainset_3dpeople_kids_bfh/10727_k_Lisa_0_0.pkl,neutral,11,10,11,/home/jaeson1012/agora_dataset/models/smplx_kid_template.npy,1.6881839632987976,0.2880513072013855,0.1053813323378562,0.4594364762306213,0.2577318698167801,0.240787573158741,0.4985194429755211,0.3640417605638504,0.3909220546483993,0.7549638152122498,0.1706279134641929,0.0624228962179784,0.2721483477030897,0.1526681187713446,0.1426311221960844,0.2952992409674291,0.2156410488893012,0.2315636584324126,0.4472047073217138,kids,168.81839632987976,excluded
/home/jaeson1012/agora_dataset/smplx_gt/smplx_gt/trainset_3dpeople_kids_bfh/10728_k_Lisa_0_0.pkl,neutral,11,10,11,/home/jaeson1012/agora_dataset/models/smplx_kid_template.npy,1.5193557143211365,0.2681964635848999,0.1017621606588363,0.4163427054882049,0.2321972548961639,0.2140706703066826,0.4462679252028465,0.3208174109458923,0.3453767299652099,0.6661941409111023,0.1765198636875715,0.066977179668755,0.2740258265815198,0.1528261306470368,0.1408956890666854,0.2937218197137222,0.211153588275565,0.2273178865947977,0.4384714748703628,kids,151.93557143211365,excluded
/home/jaeson1012/agora_dataset/smplx_gt/smplx_gt/trainset_3dpeople_kids_bfh/10905_k_Nina_0_0.pkl,neutral,11,10,11,/home/jaeson1012/agora_dataset/models/smplx_kid_template.npy,1.485412359237671,0.2693964838981628,0.1017380878329277,0.4102434515953064,0.2275198027491569,0.2104541361331939,0.4379739388823509,0.3111718893051147,0.3386343270540237,0.6498062163591385,0.1813614126897529,0.0684914779389211,0.2761815256511314,0.1531694558310545,0.1416806146955726,0.2948500705266271,0.2094851893280404,0.227973279573232,0.4374584689012725,kids,148.5412359237671,excluded
/home/jaeson1012/agora_dataset/smplx_gt/smplx_gt/trainset_3dpeople_kids_bfh/10906_k_Melanie_0_0.pkl,neutral,11,10,11,/home/jaeson1012/agora_dataset/models/smplx_kid_template.npy,1.6485947966575625,0.2959687709808349,0.1154454573988914,0.4510869085788727,0.2547421455383301,0.2349555417895317,0.4896976873278618,0.3512698411941528,0.381444901227951,0.7327147424221039,0.1795279055720033,0.0700265812029438,0.2736190296690413,0.1545207749380297,0.1425186724269004,0.2970394473649302,0.2130722733726526,0.2313757765105835,0.4444480498832362,kids,164.85947966575625,excluded
/home/jaeson1012/agora_dataset/smplx_gt/smplx_gt/trainset_3dpeople_kids_body/10217_k_Amal_0_0.pkl,male,11,10,11,/home/jaeson1012/agora_dataset/models/smplx_kid_template.npy,1.412667751312256,0.2532239258289337,0.0795514211058616,0.3786098062992096,0.2096825763583183,0.2063153982162475,0.4159979745745659,0.308243840932846,0.3317539691925049,0.639997810125351,0.1792522874495498,0.0563129023310433,0.2680105112808806,0.1484302138018935,0.1460466539457681,0.2944768677476617,0.218199814249679,0.2348421763605291,0.4530419906102082,kids,141.26677513122561,excluded
/home/jaeson1012/agora_dataset/smplx_gt/smplx_gt/trainset_3dpeople_kids_body/10292_k_Layla_0_0.pkl,neutral,11,10,11,/home/jaeson1012/agora_dataset/models/smplx_kid_template.npy,1.5144367218017578,0.2560769021511078,0.1026114299893379,0.4125925004482269,0.2316005676984787,0.2134191840887069,0.4450197517871856,0.3217150121927261,0.3461168706417084,0.6678318828344345,0.1690905261769191,0.0677555083762489,0.2724395773745877,0.1529285207921652,0.1409231439097683,0.2938516647019336,0.2124321257939221,0.228544953816179,0.4409770796101012,kids,151.44367218017578,excluded
/home/jaeson1012/agora_dataset/smplx_gt/smplx_gt/trainset_axyz_kids_bfh/CBoy0004-HD2-O02P01-S_0_0.pkl,male,11,10,11,/home/jaeson1012/agora_dataset/models/smplx_kid_template.npy,1.5875494480133057,0.3035438060760498,0.0942728817462921,0.4304412007331848,0.2465528473258018,0.242032490670681,0.4885853379964828,0.3430667221546173,0.3710383772850036,0.714105099439621,0.1912027410899932,0.059382642766981,0.2711356180255351,0.1553040427397984,0.1524566626718719,0.3077607054116703,0.2160982907234408,0.2337176821479981,0.4498159728714389,kids,158.75494480133057,excluded
/home/jaeson1012/agora_dataset/smplx_gt/smplx_gt/trainset_axyz_kids_bfh/CBoy0005-HD2-O01P01-S_0_0.pkl,male,11,10,11,/home/jaeson1012/agora_dataset/models/smplx_kid_template.npy,1.4013043642044067,0.2889483571052551,0.0849712118506431,0.3683359026908874,0.2189636006951332,0.2130516245961189,0.4320152252912521,0.3037190437316894,0.3262568414211273,0.6299758851528168,0.2061995698338569,0.0606372277295273,0.2628521769430232,0.1562569890513758,0.1520380796909024,0.3082950687422783,0.2167402396581605,0.2328236818175902,0.4495639214757507,kids,140.13043642044067,excluded
/home/jaeson1012/agora_dataset/smplx_gt/smplx_gt/trainset_axyz_kids_bfh/CBoy0203-HD2-O01P01-S_0_0.pkl,male,11,10,11,/home/jaeson1012/agora_dataset/models/smplx_kid_template.npy,1.4303511381149292,0.2766445577144623,0.0851270109415054,0.3876151740550995,0.2164657115936279,0.2117759883403778,0.4282416999340057,0.3083973079919815,0.3338345289230346,0.6422318369150162,0.1934102405644632,0.0595147643631723,0.270993019634284,0.1513374624072448,0.1480587407505257,0.2993962031577706,0.2156095099825772,0.233393409511316,0.4490029194938932,kids,143.03511381149292,excluded
/home/jaeson1012/agora_dataset/smplx_gt/smplx_gt/trainset_axyz_kids_bfh/CBoy0303-HD2-O01P01-S_0_0.pkl,male,11,10,11,/home/jaeson1012/agora_dataset/models/smplx_kid_template.npy,1.563026487827301,0.3050901889801025,0.0963615179061889,0.4365559220314026,0.2341280654072761,0.2284887507557869,0.462616816163063,0.3311033099889755,0.3594649583101272,0.6905682682991028,0.1951919505882436,0.0616505981546974,0.2793016787823225,0.1497914892873811,0.1461835436156937,0.2959750329030749,0.2118347402091877,0.2299800810220463,0.4418148212312341,kids,156.3026487827301,excluded
/home/jaeson1012/agora_dataset/smplx_gt/smplx_gt/trainset_axyz_kids_bfh/CBoy0303-HD2-O02P01-S_0_0.pkl,male,11,10,11,/home/jaeson1012/agora_dataset/models/smplx_kid_template.npy,1.5395472049713137,0.3009149432182312,0.0981090366840362,0.445550262928009,0.2296122014522552,0.224058598279953,0.4536707997322082,0.3127560913562774,0.340334415435791,0.6530905067920685,0.195456782517973,0.0637259035430903,0.2894034437458584,0.1491426834531739,0.1455353869997951,0.294678070452969,0.2031481011731011,0.2210613707308393,0.4242094719039405,kids,153.95472049713138,excluded
/home/jaeson1012/agora_dataset/smplx_gt/smplx_gt/trainset_axyz_kids_bfh/CGirl0003-HD2-O01P01-S_0_0.pkl,neutral,11,10,11,/home/jaeson1012/agora_dataset/models/smplx_kid_template.npy,1.4009995460510254,0.2392693758010864,0.0893611833453178,0.372502863407135,0.2180287465453148,0.2019466534256935,0.4199753999710083,0.301676332950592,0.3251426517963409,0.626818984746933,0.1707847632609954,0.0637838774446421,0.2658836431868253,0.1556237096292207,0.1441446958315705,0.2997684054607912,0.2153293581007375,0.2320790557804356,0.4474084138811732,kids,140.09995460510254,excluded
/home/jaeson1012/agora_dataset/smplx_gt/smplx_gt/trainset_axyz_kids_bfh/CGirl0005-HD2-O01P01-S_0_0.pkl,neutral,11,10,11,/home/jaeson1012/agora_dataset/models/smplx_kid_template.npy,1.4664289951324463,0.2730157971382141,0.1025376543402671,0.3980566263198852,0.2329207062721252,0.2152503132820129,0.4481710195541382,0.3091519623994827,0.3382773697376251,0.6474293321371078,0.1861773042161892,0.0699233680462013,0.2714462327471458,0.1588353115256617,0.1467853636258547,0.3056206751515165,0.2108195919650105,0.2306810427647554,0.4415006347297659,kids,146.64289951324463,excluded
/home/jaeson1012/agora_dataset/smplx_gt/smplx_gt/trainset_axyz_kids_bfh/CGirl0005-HD2-O02P01-S_0_0.pkl,neutral,11,10,11,/home/jaeson1012/agora_dataset/models/smplx_kid_template.npy,1.4782055616378784,0.2569392621517181,0.1024896129965782,0.393097460269928,0.2308299690485,0.2125140130519867,0.4433439821004867,0.3197437673807144,0.3460412174463272,0.6657849848270416,0.1738183570808817,0.0693338028596089,0.2659288196929586,0.1561555273765418,0.143764858262688,0.2999203856392298,0.2163053472931278,0.2340954644108545,0.4504008117039824,kids,147.82055616378784,excluded
/home/jaeson1012/agora_dataset/smplx_gt/smplx_gt/trainset_axyz_kids_bfh/CGirl0005-HD2-O03P01-S_0_0.pkl,neutral,11,10,11,/home/jaeson1012/agora_dataset/models/smplx_kid_template.npy,1.4741846323013306,0.2708843648433685,0.1011610925197601,0.3985262215137481,0.2326105907559394,0.2155313342809677,0.4481419250369072,0.3123085349798202,0.3411606848239898,0.6534692198038101,0.1837519934124496,0.0686217250561341,0.2703367087008728,0.1577893200479332,0.1462037587140659,0.3039930787619992,0.211851709844702,0.2314233084165369,0.4432750182612389,kids,147.41846323013306,excluded
/home/jaeson1012/agora_dataset/smplx_gt/smplx_gt/trainset_axyz_kids_bfh/Plg0001-HD2-O01P01-S_0_0.pkl,male,11,10,11,/home/jaeson1012/agora_dataset/models/smplx_kid_template.npy,1.5067411661148071,0.2768537998199463,0.0900589227676391,0.4021906554698944,0.2389174550771713,0.2375053390860557,0.4764227941632271,0.3227015733718872,0.3517540246248245,0.6744555979967117,0.1837434365278709,0.0597706658535518,0.2669275018926835,0.1585656916066278,0.157628492821015,0.3161941844276429,0.214171870145412,0.233453517123871,0.4476253872692831,kids,150.6741166114807,excluded
/home/jaeson1012/agora_dataset/smplx_gt/smplx_gt/trainset_axyz_kids_bfh/Sch0008-HD2-O01P01-S_0_0.pkl,male,11,10,11,/home/jaeson1012/agora_dataset/models/smplx_kid_template.npy,1.5484596490859983,0.3038303554058075,0.0943497121334075,0.4192901253700256,0.2383387386798858,0.2337686195969581,0.472107358276844,0.3343855142593384,0.3640364408493042,0.6984219551086426,0.1962145772317334,0.0609313340448354,0.2707788514976919,0.153919889885777,0.150968492937445,0.304888382823222,0.2159471927193675,0.2350958522323666,0.4510430449517342,kids,154.84596490859983,excluded
/home/jaeson1012/agora_dataset/smplx_gt/smplx_gt/trainset_axyz_kids_body/CBoy0201-HD2-O01P01-S_0_0.pkl,male,11,10,11,/home/jaeson1012/agora_dataset/models/smplx_kid_template.npy,1.4856263399124146,0.2777683436870575,0.0912894606590271,0.4037412703037262,0.2293641194701194,0.2271654680371284,0.4565295875072479,0.3144423514604568,0.3451092690229416,0.6595516204833984,0.1869705296847613,0.0614484666880698,0.2717650188724634,0.1543888347346087,0.1529088855886339,0.3072977203232427,0.2116564192574795,0.2322988356838689,0.4439552549413484,kids,148.56263399124146,excluded
/home/jaeson1012/agora_dataset/smplx_gt/smplx_gt/trainset_axyz_kids_body/CGirl0200-HD2-O01P01-S_0_0.pkl,neutral,11,10,11,/home/jaeson1012/agora_dataset/models/smplx_kid_template.npy,1.5168828964233398,0.2593699693679809,0.1037515774369239,0.4039154052734375,0.2361450046300888,0.2178373858332634,0.4539823904633522,0.326568990945816,0.3535706251859665,0.6801396161317825,0.1709887889035796,0.0683978820524379,0.2662798863549916,0.1556778082124173,0.1436085714638239,0.2992863796762412,0.2152895201836829,0.233090257672264,0.4483797778559469,kids,151.68828964233398,excluded
/home/jaeson1012/agora_dataset/smplx_gt/smplx_gt/trainset_axyz_kids_body/Plg0002-HD2-O01P01-S_0_0.pkl,male,11,10,11,/home/jaeson1012/agora_dataset/models/smplx_kid_template.npy,1.4986239075660706,0.2818097174167633,0.0877320617437362,0.4048686325550079,0.2272242531180381,0.2233649343252182,0.4505891874432564,0.3251241147518158,0.3511240780353546,0.6762481927871704,0.1880456570818045,0.0585417470659618,0.2701602653680862,0.151621932608212,0.1490466908992445,0.3006686235074566,0.2169484372365665,0.2342976621837153,0.4512460994202819,kids,149.86239075660706,excluded
/home/jaeson1012/agora_dataset/smplx_gt/smplx_gt/trainset_movedrenderpeople_kids_bfh/rp_koji_posed_003_0_0.pkl,male,11,10,11,/home/jaeson1012/agora_dataset/models/smplx_kid_template.npy,1.451941967010498,0.2868913412094116,0.0904970243573188,0.4133720993995666,0.2145527377724647,0.2089697644114494,0.4235225021839142,0.3020951449871063,0.3281108289957046,0.630205973982811,0.1975914655873689,0.0623282654634257,0.2847029074107463,0.1477694995029463,0.143924322844467,0.2916938223474134,0.2080628233434911,0.2259806772244997,0.4340435005679909,kids,145.1941967010498,excluded
/home/jaeson1012/agora_dataset/smplx_gt/smplx_gt/trainset_movedrenderpeople_kids_bfh/rp_koji_posed_004_0_0.pkl,male,11,10,11,/home/jaeson1012/agora_dataset/models/smplx_kid_template.npy,1.429723858833313,0.2852793037891388,0.0882879719138145,0.4030698537826538,0.2129684314131736,0.2068139389157295,0.4197823703289032,0.2978231161832809,0.3229557275772095,0.6207788437604904,0.199534547896496,0.0617517651176777,0.2819214712633864,0.1489577376060302,0.1446530654419479,0.2936108030479781,0.208308138906146,0.22588678616635,0.4341949250724962,kids,142.9723858833313,excluded
/home/jaeson1012/agora_dataset/smplx_gt/smplx_gt/trainset_movedrenderpeople_kids_bfh/rp_koji_posed_008_0_0.pkl,male,11,10,11,/home/jaeson1012/agora_dataset/models/smplx_kid_template.npy,1.4251540303230286,0.2745329439640045,0.0848079174757003,0.389343649148941,0.2130973264575004,0.2082886323332786,0.4213859587907791,0.3066743612289428,0.3311413079500198,0.6378156691789627,0.1926338754427675,0.059507895758101,0.2731940834919377,0.1495258210154304,0.1461516635405841,0.2956774845560145,0.2151868181991748,0.2323547496651731,0.4475415678643479,kids,142.51540303230286,excluded
/home/jaeson1012/agora_dataset/smplx_gt/smplx_gt/trainset_movedrenderpeople_kids_bfh/rp_koji_posed_009_0_0.pkl,male,11,10,11,/home/jaeson1012/agora_dataset/models/smplx_kid_template.npy,1.4529460668563845,0.2825356423854828,0.0858308225870132,0.3944263160228729,0.2186068519949913,0.2130079045891761,0.4316147565841675,0.315161794424057,0.3387234359979629,0.65388523042202,0.1944570750632066,0.0590736466720461,0.2714665912384894,0.1504576508252452,0.1466041372409942,0.2970617880662395,0.2169122458247509,0.2331287056861167,0.4500409515108677,kids,145.29460668563846,excluded
/home/jaeson1012/agora_dataset/smplx_gt/smplx_gt/trainset_movedrenderpeople_kids_bfh/rp_koji_posed_010_0_0.pkl,male,11,10,11,/home/jaeson1012/agora_dataset/models/smplx_kid_template.npy,1.4496545195579529,0.2877636551856994,0.0906678587198257,0.4093313217163086,0.216502197086811,0.2108512222766876,0.4273534193634987,0.3017277270555496,0.3267788589000702,0.6285065859556198,0.1985049895015317,0.0625444597292556,0.2823647401458984,0.1493474439363867,0.1454492911462677,0.2947967350826545,0.2081376790019985,0.2254184390082926,0.4335561180102912,kids,144.9654519557953,excluded
/home/jaeson1012/agora_dataset/smplx_gt/smplx_gt/trainset_movedrenderpeople_kids_bfh/rp_koji_posed_011_0_0.pkl,male,11,10,11,/home/jaeson1012/agora_dataset/models/smplx_kid_template.npy,1.436038315296173,0.2787205874919891,0.0863326489925384,0.3926324248313904,0.2129570469260215,0.2069602310657501,0.4199172779917717,0.3087573796510696,0.3328364342451095,0.6415938138961792,0.1940899379376969,0.0601186250206234,0.2734136134455525,0.1482948223997078,0.1441188782090859,0.2924137006087937,0.2150063660295794,0.2317740625022698,0.4467804285318493,kids,143.6038315296173,excluded
/home/jaeson1012/agora_dataset/smplx_gt/smplx_gt/trainset_movedrenderpeople_kids_bfh/rp_koji_posed_012_0_0.pkl,male,11,10,11,/home/jaeson1012/agora_dataset/models/smplx_kid_template.npy,1.4064952731132507,0.2698635160923004,0.0845796093344688,0.385030597448349,0.2094438299536705,0.2047977223992347,0.4142415523529053,0.3016598522663116,0.3259961307048797,0.6276559829711914,0.1918694795859232,0.0601350114367988,0.2737517891518334,0.1489118619574672,0.1456085394058373,0.2945204013633045,0.2144762645370241,0.2317790446485422,0.4462553091855664,kids,140.64952731132507,excluded
/home/jaeson1012/agora_dataset/smplx_gt/smplx_gt/trainset_movedrenderpeople_kids_bfh/rp_koji_posed_014_0_0.pkl,male,11,10,11,/home/jaeson1012/agora_dataset/models/smplx_kid_template.npy,1.460824966430664,0.2988716065883636,0.0932872220873832,0.4182209372520447,0.2167487815022468,0.2098370715975761,0.426585853099823,0.3008265644311905,0.3268748968839645,0.627701461315155,0.2045909766442571,0.0638592741985499,0.2862909293465275,0.1483742313302902,0.143642856892216,0.2920170882225062,0.2059292326898143,0.2237604808210807,0.4296897135108951,kids,146.0824966430664,excluded
/home/jaeson1012/agora_dataset/smplx_gt/smplx_gt/trainset_renderpeople_kids_bfh/rp_emily_posed_001_0_0.pkl,neutral,11,10,11,/home/jaeson1012/agora_dataset/models/smplx_kid_template.npy,1.440855622291565,0.2586351335048675,0.096314288675785,0.3982232511043548,0.2227116972208023,0.2062052935361862,0.4289169907569885,0.3000830262899399,0.3256754428148269,0.6257584691047668,0.1795010752663262,0.0668452044644174,0.2763797044918441,0.1545690586726498,0.1431130852709817,0.2976821439436316,0.2082672418022577,0.2260291994397512,0.4342964412420089,kids,144.0855622291565,excluded
/home/jaeson1012/agora_dataset/smplx_gt/smplx_gt/trainset_renderpeople_kids_bfh/rp_emily_posed_002_0_0.pkl,neutral,11,10,11,/home/jaeson1012/agora_dataset/models/smplx_kid_template.npy,1.429377555847168,0.2522880733013153,0.096120961010456,0.3914521336555481,0.2224906682968139,0.2045701742172241,0.4270608425140381,0.2998311966657638,0.3236735463142395,0.6235047429800034,0.1765020531274456,0.0672467261132324,0.2738619562439827,0.1556556330317832,0.1431183618214704,0.2987739948532537,0.2097634704275589,0.2264437027083468,0.4362071731359057,kids,142.9377555847168,excluded
/home/jaeson1012/agora_dataset/smplx_gt/smplx_gt/trainset_renderpeople_kids_bfh/rp_emily_posed_003_0_0.pkl,neutral,11,10,11,/home/jaeson1012/agora_dataset/models/smplx_kid_template.npy,1.4627853631973269,0.2660828530788421,0.0963470935821533,0.4025121033191681,0.2270238697528839,0.2113342359662056,0.4383581057190895,0.3063816428184509,0.334184929728508,0.6405665725469589,0.1819015009127816,0.0658655029002749,0.275168260119424,0.1551997138231269,0.144473851928813,0.29967356575194,0.2094508535064694,0.228457939309738,0.4379087928162075,kids,146.2785363197327,excluded
/home/jaeson1012/agora_dataset/smplx_gt/smplx_gt/trainset_renderpeople_kids_bfh/rp_emily_posed_004_0_0.pkl,neutral,11,10,11,/home/jaeson1012/agora_dataset/models/smplx_kid_template.npy,1.4964901804924011,0.2589131593704223,0.0989266335964202,0.4059141278266907,0.2303674817085266,0.2132241129875183,0.4435915946960449,0.3185596019029617,0.3436932861804962,0.662252888083458,0.1730136039283801,0.0661057686084313,0.2712440971000089,0.1539385187497368,0.1424828012686054,0.2964213200183423,0.212871160837249,0.2296662488406093,0.4425374096778584,kids,149.6490180492401,excluded
/home/jaeson1012/agora_dataset/smplx_gt/smplx_gt/trainset_renderpeople_kids_bfh/rp_emily_posed_005_0_0.pkl,neutral,11,10,11,/home/jaeson1012/agora_dataset/models/smplx_kid_template.npy,1.422991156578064,0.2478041052818298,0.0920984596014022,0.3904642760753631,0.2162022888660431,0.2005491629242897,0.4167514517903328,0.2989617884159088,0.3232734352350235,0.6222352236509323,0.1741431098403565,0.0647217371490037,0.2743968395519278,0.1519350895939193,0.1409349327275933,0.2928700223215127,0.2100939187386355,0.2271788083436968,0.4372727270823324,kids,142.2991156578064,excluded
/home/jaeson1012/agora_dataset/smplx_gt/smplx_gt/trainset_renderpeople_kids_bfh/rp_emily_posed_006_0_0.pkl,neutral,11,10,11,/home/jaeson1012/agora_dataset/models/smplx_kid_template.npy,1.4386783242225647,0.253501296043396,0.090662695467472,0.3912780284881592,0.2226333022117614,0.2073440104722976,0.4299773126840591,0.304966390132904,0.3293675929307937,0.6343339830636978,0.1762042923531105,0.0630180450633149,0.2719704758877205,0.1547484927404243,0.1441211749571208,0.2988696676975452,0.2119767740976443,0.228937620999314,0.4409143950969583,kids,143.86783242225647,excluded
/home/jaeson1012/agora_dataset/smplx_gt/smplx_gt/trainset_renderpeople_kids_bfh/rp_emily_posed_007_0_0.pkl,neutral,11,10,11,/home/jaeson1012/agora_dataset/models/smplx_kid_template.npy,1.4343903064727783,0.2651563882827759,0.0933181568980217,0.3937528431415558,0.2240454256534576,0.2086260393261909,0.4326714649796486,0.3006338328123092,0.327754408121109,0.6283882409334183,0.1848565115688809,0.0650577157952877,0.2745088567349631,0.1561955798518982,0.1454457956002299,0.3016413754521282,0.2095899780245863,0.2284973668896786,0.438087344914265,kids,143.43903064727783,excluded
/home/jaeson1012/agora_dataset/smplx_gt/smplx_gt/trainset_renderpeople_kids_bfh/rp_emily_posed_009_0_0.pkl,neutral,11,10,11,/home/jaeson1012/agora_dataset/models/smplx_kid_template.npy,1.436991035938263,0.2602874636650085,0.0955139249563217,0.3982099294662475,0.2222271040081977,0.2059287801384925,0.4281558841466903,0.298637181520462,0.3242095410823822,0.6228467226028442,0.1811336724832507,0.0664680033261009,0.2771137185321702,0.1546475228101181,0.1433055426153262,0.2979530654254443,0.2078211861116246,0.2256169544375022,0.4334381405491269,kids,143.6991035938263,excluded
/home/jaeson1012/agora_dataset/smplx_gt/smplx_gt/trainset_renderpeople_kids_bfh/rp_emily_posed_010_0_0.pkl,neutral,11,10,11,/home/jaeson1012/agora_dataset/models/smplx_kid_template.npy,1.4289811849594116,0.2512764036655426,0.088916391134262,0.3902054727077484,0.2208410650491714,0.2057162001729011,0.4265572652220726,0.3015818297863006,0.3254455029964447,0.6270273327827454,0.1758430455980285,0.0622236262241532,0.2730655076601528,0.1545444176407712,0.143960048136494,0.2985044657772652,0.2110467464236533,0.2277465276813204,0.4387932741049738,kids,142.89811849594116,excluded
/home/jaeson1012/agora_dataset/smplx_gt/smplx_gt/trainset_renderpeople_kids_bfh/rp_emily_posed_011_0_0.pkl,neutral,11,10,11,/home/jaeson1012/agora_dataset/models/smplx_kid_template.npy,1.4881369471549988,0.2485029548406601,0.0929308980703353,0.398467868566513,0.2285807728767395,0.2114184573292732,0.4399992302060127,0.3213828653097152,0.342593714594841,0.6639765799045563,0.1669893051951602,0.0624478131854729,0.2677629026873493,0.1536019741420554,0.1420692213397835,0.2956711954818389,0.2159632323652275,0.2302165235866277,0.4461797559518553,kids,148.81369471549988,excluded
/home/jaeson1012/agora_dataset/smplx_gt/smplx_gt/trainset_renderpeople_kids_bfh/rp_emily_posed_012_0_0.pkl,neutral,11,10,11,/home/jaeson1012/agora_dataset/models/smplx_kid_template.npy,1.442979633808136,0.2457935065031051,0.0914025530219078,0.3848059475421905,0.2261689901351928,0.2097242325544357,0.4358932226896286,0.3098562955856323,0.3332085907459259,0.6430648863315582,0.1703374744482269,0.0633429265946667,0.2666745521048398,0.1567374790580482,0.1453410898121667,0.302078568870215,0.2147336582761721,0.2309170434142319,0.4456507016904041,kids,144.2979633808136,excluded
/home/jaeson1012/agora_dataset/smplx_gt/smplx_gt/trainset_renderpeople_kids_bfh/rp_emily_posed_013_0_0.pkl,neutral,11,10,11,/home/jaeson1012/agora_dataset/models/smplx_kid_template.npy,1.4317442178726196,0.2530438005924225,0.0891436040401458,0.3928520381450653,0.2157766222953796,0.2014161348342895,0.4171927571296692,0.3009115755558014,0.3257980942726135,0.6267096698284149,0.1767381334135309,0.0622622413468526,0.2743870261468846,0.1507089182563592,0.1406788533314749,0.2913877715878342,0.2101713223629537,0.2275532809601326,0.4377246033230863,kids,143.17442178726196,excluded
/home/jaeson1012/agora_dataset/smplx_gt/smplx_gt/trainset_renderpeople_kids_bfh/rp_emily_posed_014_0_0.pkl,neutral,11,10,11,/home/jaeson1012/agora_dataset/models/smplx_kid_template.npy,1.4634162187576294,0.2640502452850342,0.0966699346899986,0.4029615521430969,0.2261690348386764,0.2100221067667007,0.4361911416053772,0.3064034879207611,0.3333110958337784,0.6397145837545395,0.180434138900825,0.0660577171763661,0.2753567624699363,0.1545486731250547,0.1435149508900478,0.2980636240151026,0.209375490030364,0.2277623355279905,0.4371378255583546,kids,146.34162187576294,excluded
/home/jaeson1012/agora_dataset/smplx_gt/smplx_gt/trainset_renderpeople_kids_bfh/rp_emily_posed_015_0_0.pkl,neutral,11,10,11,/home/jaeson1012/agora_dataset/models/smplx_kid_template.npy,1.5227461457252502,0.2636500597000122,0.1004567295312881,0.4117602407932281,0.234856016933918,0.2176582887768745,0.4525143057107925,0.3254404962062835,0.3513977974653244,0.676838293671608,0.1731411768403731,0.0659707659174161,0.2704063588991163,0.1542318905834835,0.1429380001308154,0.2971698907142989,0.2137194680281285,0.2307658426532818,0.4444853106814103,kids,152.27461457252502,excluded
/home/jaeson1012/agora_dataset/smplx_gt/smplx_gt/trainset_renderpeople_kids_bfh/rp_emily_posed_016_0_0.pkl,neutral,11,10,11,/home/jaeson1012/agora_dataset/models/smplx_kid_template.npy,1.461998164653778,0.2462664693593979,0.0947361588478088,0.3977450430393219,0.2241415679454803,0.207305870950222,0.4314474388957023,0.3099890947341919,0.3331909775733948,0.6431800723075867,0.1684451289429062,0.0647990956064187,0.2720557745252119,0.1533117984443983,0.1417962593676135,0.2951080578120118,0.212031110728242,0.2279010915532162,0.4399322022814583,kids,146.1998164653778,excluded
/home/jaeson1012/agora_dataset/smplx_gt/smplx_gt/trainset_renderpeople_kids_bfh/rp_emily_posed_018_0_0.pkl,neutral,11,10,11,/home/jaeson1012/agora_dataset/models/smplx_kid_template.npy,1.463815689086914,0.2546743750572204,0.0957631766796112,0.3991801738739013,0.2231576815247535,0.2068169936537742,0.4299746751785278,0.3109351843595505,0.3357038795948028,0.6466390639543533,0.1739798097232302,0.0654202420383576,0.2726983846736186,0.1524493030020418,0.1412862255785636,0.2937355285806054,0.2124141629835262,0.2293348008889051,0.4417489638724313,kids,146.3815689086914,excluded
/home/jaeson1012/agora_dataset/smplx_gt/smplx_gt/trainset_renderpeople_kids_bfh/rp_emily_posed_019_0_0.pkl,neutral,11,10,11,/home/jaeson1012/agora_dataset/models/smplx_kid_template.npy,1.4169232845306396,0.2572817504405975,0.0891610831022262,0.3897016048431396,0.2152089849114418,0.200046606361866,0.4152555912733078,0.295969694852829,0.3206474035978317,0.6166170984506607,0.1815777560080275,0.0629258366177256,0.2750336656174223,0.1518847119395955,0.1411837948785858,0.2930685068181814,0.2088819473037807,0.2262983515752211,0.4351802988790018,kids,141.69232845306396,excluded
/home/jaeson1012/agora_dataset/smplx_gt/smplx_gt/trainset_renderpeople_kids_bfh/rp_emily_posed_020_0_0.pkl,neutral,11,10,11,/home/jaeson1012/agora_dataset/models/smplx_kid_template.npy,1.57122141122818,0.2653588950634002,0.1036325171589851,0.4188410639762878,0.2432019636034965,0.2243150398135185,0.4675170034170151,0.3406631201505661,0.3658302277326584,0.7064933478832245,0.1688870156472579,0.0659566604798101,0.2665703642931466,0.1547852911534551,0.1427647549928547,0.2975500461463098,0.2168142043611022,0.2328317480390616,0.4496459524001638,kids,157.122141122818,excluded
/home/jaeson1012/agora_dataset/smplx_gt/smplx_gt/trainset_renderpeople_kids_bfh/rp_emily_posed_021_0_0.pkl,neutral,11,10,11,/home/jaeson1012/agora_dataset/models/smplx_kid_template.npy,1.4611048698425293,0.2547855675220489,0.090572103857994,0.3974422812461853,0.2233848646283149,0.2087162435054779,0.4321011081337929,0.3107921332120895,0.3355046808719635,0.646296814084053,0.1743786998324825,0.0619887769368365,0.2720148905458235,0.1528876326669079,0.1428482293183872,0.2957358619852951,0.2127103533954993,0.2296239563612723,0.4423343097567717,kids,146.11048698425293,excluded
/home/jaeson1012/agora_dataset/smplx_gt/smplx_gt/trainset_renderpeople_kids_bfh/rp_emily_posed_022_0_0.pkl,neutral,11,10,11,/home/jaeson1012/agora_dataset/models/smplx_kid_template.npy,1.4469504356384275,0.2438714057207107,0.0865004733204841,0.3917126059532165,0.2175457328557968,0.2029318585991859,0.4204775914549827,0.3097935616970062,0.3316610604524612,0.6414546221494675,0.1685416443536361,0.0597812276011501,0.2707159805238138,0.1503477434317303,0.1402479681411117,0.2905957115728421,0.2141010182980581,0.2292138364132181,0.4433148547112762,kids,144.69504356384275,excluded
/home/jaeson1012/agora_dataset/smplx_gt/smplx_gt/trainset_renderpeople_kids_bfh/rp_emily_posed_023_0_0.pkl,neutral,11,10,11,/home/jaeson1012/agora_dataset/models/smplx_kid_template.npy,1.4307042956352234,0.247745469212532,0.0918793752789497,0.3848493993282318,0.2228239402174949,0.2068300247192382,0.4296539649367332,0.3045438230037689,0.3287962079048157,0.6333400309085846,0.1731632944476026,0.0642196822636615,0.268992971155763,0.155744230933872,0.1445651804850471,0.3003094114189191,0.2128628703589328,0.229814231290074,0.4426771016490069,kids,143.07042956352234,excluded
/home/jaeson1012/agora_dataset/smplx_gt/smplx_gt/trainset_renderpeople_kids_bfh/rp_emily_posed_026_0_0.pkl,neutral,11,10,11,/home/jaeson1012/agora_dataset/models/smplx_kid_template.npy,1.5259594917297363,0.2444238513708114,0.0963033363223075,0.3983806371688843,0.2346646413207054,0.2170403152704239,0.4517049565911293,0.334959015250206,0.3574131280183792,0.6923721432685852,0.1601771558783301,0.0631100214941773,0.2610689466712539,0.1537816977400256,0.142232029386573,0.2960137271265986,0.2195071475131469,0.2342218977341509,0.4537290452472979,kids,152.59594917297363,excluded
/home/jaeson1012/agora_dataset/smplx_gt/smplx_gt/trainset_renderpeople_kids_bfh/rp_emily_posed_027_0_0.pkl,neutral,11,10,11,/home/jaeson1012/agora_dataset/models/smplx_kid_template.npy,1.446143627166748,0.2480742037296295,0.088572509586811,0.3865432441234588,0.2265101745724678,0.2114639431238174,0.4379741176962852,0.3109310567378998,0.3349674940109253,0.6458985507488251,0.1715418849617661,0.0612473809121852,0.267292429923275,0.1566304828354023,0.1462261003342474,0.3028565831696498,0.215007037265772,0.2316280953830194,0.4466351326487915,kids,144.6143627166748,excluded
/home/jaeson1012/agora_dataset/smplx_gt/smplx_gt/trainset_renderpeople_kids_bfh/rp_emily_posed_028_0_0.pkl,neutral,11,10,11,/home/jaeson1012/agora_dataset/models/smplx_kid_template.npy,1.5132421255111694,0.2493263036012649,0.0997360199689865,0.4005466997623443,0.2311654835939407,0.2111779525876045,0.4423434361815452,0.3282803893089294,0.3480448424816131,0.6763252317905426,0.1647629942346755,0.0659088313017296,0.2646943889610796,0.1527617290695324,0.1395533133973977,0.2923150424669302,0.2169384421531598,0.2299994406804162,0.446937882833576,kids,151.32421255111694,excluded
/home/jaeson1012/agora_dataset/smplx_gt/smplx_gt/trainset_renderpeople_kids_bfh/rp_emily_posed_029_0_0.pkl,neutral,11,10,11,/home/jaeson1012/agora_dataset/models/smplx_kid_template.npy,1.5356385111808777,0.265519231557846,0.0996898189187049,0.4138250350952148,0.2357056736946106,0.2185628116130828,0.4542684853076935,0.3305299282073974,0.3559816926717758,0.6865116208791733,0.1729047751958673,0.0649175038219413,0.2694807613134103,0.1534903377184499,0.1423269929880907,0.2958173307065407,0.215239410708205,0.2318134704749182,0.4470528811831233,kids,153.56385111808777,excluded
/home/jaeson1012/agora_dataset/smplx_gt/smplx_gt/trainset_renderpeople_kids_bfh/rp_holly_posed_001_0_0.pkl,neutral,11,10,11,/home/jaeson1012/agora_dataset/models/smplx_kid_template.npy,1.4962334036827087,0.2589835226535797,0.0959880352020263,0.4010605812072754,0.2315671816468238,0.2152988389134407,0.4468660205602646,0.322836697101593,0.3488196730613708,0.6716563701629639,0.1730903226837059,0.0641531160618183,0.2680468035402344,0.1547667503458103,0.143893886063178,0.2986606364089884,0.2157662676872396,0.2331318577721992,0.4488981254594389,kids,149.62334036827087,excluded
/home/jaeson1012/agora_dataset/smplx_gt/smplx_gt/trainset_renderpeople_kids_bfh/rp_holly_posed_002_0_0.pkl,neutral,11,10,11,/home/jaeson1012/agora_dataset/models/smplx_kid_template.npy,1.525039553642273,0.2577805817127228,0.0976989865303039,0.4088147580623626,0.2351591438055038,0.2188910916447639,0.4540502354502678,0.3281873315572738,0.3543625026941299,0.6825498342514038,0.1690320628714592,0.0640632476036232,0.2680682983506787,0.1541987178259541,0.1435314193143275,0.2977301371402816,0.2151992259961123,0.2323628274740816,0.447562053470194,kids,152.5039553642273,excluded
/home/jaeson1012/agora_dataset/smplx_gt/smplx_gt/trainset_renderpeople_kids_bfh/rp_holly_posed_005_0_0.pkl,neutral,11,10,11,/home/jaeson1012/agora_dataset/models/smplx_kid_template.npy,1.4533811807632446,0.2495437562465667,0.0917612835764885,0.3846279680728912,0.225623182952404,0.2111167833209037,0.4367399662733078,0.3157171458005905,0.342414528131485,0.6581316739320755,0.1716987666755934,0.0631364192622199,0.2646435588707041,0.1552401984687305,0.1452590594368612,0.3004992579055918,0.2172294164664987,0.2355985701917962,0.4528279866582949,kids,145.33811807632446,excluded
/home/jaeson1012/agora_dataset/smplx_gt/smplx_gt/trainset_renderpeople_kids_bfh/rp_holly_posed_006_0_0.pkl,neutral,11,10,11,/home/jaeson1012/agora_dataset/models/smplx_kid_template.npy,1.541110873222351,0.2681508660316467,0.0959751904010772,0.4128786623477936,0.2392659485340118,0.2232627049088478,0.4625286534428596,0.3317569941282272,0.3576705157756805,0.6894275099039078,0.1739984258698809,0.0622766291956659,0.2679097717898091,0.1552555060712303,0.1448712800539922,0.3001267861252226,0.2152713343943563,0.2320861671865421,0.4473575015808985,kids,154.1110873222351,excluded
/home/jaeson1012/agora_dataset/smplx_gt/smplx_gt/trainset_renderpeople_kids_bfh/rp_holly_posed_007_0_0.pkl,neutral,11,10,11,/home/jaeson1012/agora_dataset/models/smplx_kid_template.npy,1.4182863235473633,0.2404821366071701,0.0884014368057251,0.3742562234401703,0.2195742800831794,0.2045647650957107,0.4241390451788902,0.3070106208324432,0.3310781270265579,0.6380887478590012,0.1695582426584255,0.0623297534059405,0.263879173920323,0.1548166096208195,0.144233757104885,0.2990503667257045,0.2164658967200361,0.2334353236929466,0.4499012204129827,kids,141.82863235473633,excluded
/home/jaeson1012/agora_dataset/smplx_gt/smplx_gt/trainset_renderpeople_kids_bfh/rp_holly_posed_008_0_0.pkl,neutral,11,10,11,/home/jaeson1012/agora_dataset/models/smplx_kid_template.npy,1.4610119462013245,0.2458428889513015,0.0895889475941658,0.3856085538864136,0.2246916890144348,0.2097444906830787,0.4344361796975136,0.3188084810972214,0.3432916104793548,0.6621000915765762,0.1682689108672249,0.0613197912769295,0.2639325125910213,0.1537918218934759,0.1435611058680395,0.2973529277615155,0.2182107284790744,0.2349683802188774,0.4531791086979518,kids,146.10119462013245,excluded
/home/jaeson1012/agora_dataset/smplx_gt/smplx_gt/trainset_renderpeople_kids_bfh/rp_holly_posed_009_0_0.pkl,neutral,11,10,11,/home/jaeson1012/agora_dataset/models/smplx_kid_template.npy,1.4806363582611084,0.2549608647823334,0.1041865274310112,0.3858116567134857,0.2318348214030265,0.2117789089679718,0.4436137303709984,0.3234723210334778,0.3477515280246734,0.6712238490581512,0.1721968148085766,0.0703660469025427,0.2605715134312866,0.1565778255474547,0.1430323575308454,0.2996101830783002,0.2184684438070741,0.2348662627960051,0.4533347066030792,kids,148.06363582611084,excluded
/home/jaeson1012/agora_dataset/smplx_gt/smplx_gt/trainset_renderpeople_kids_bfh/rp_holly_posed_011_0_0.pkl,neutral,11,10,11,/home/jaeson1012/agora_dataset/models/smplx_kid_template.npy,1.419120192527771,0.2377617806196212,0.0906201303005218,0.3714358508586883,0.221107468008995,0.2051031589508056,0.4262106269598007,0.3102352768182754,0.3344319760799408,0.6446672528982162,0.1675416796065133,0.0638565575894647,0.2617367104029983,0.1558060192316431,0.1445283916265549,0.300334410858198,0.2186109946513247,0.2356614878999378,0.4542724825512625,kids,141.9120192527771,excluded
/home/jaeson1012/agora_dataset/smplx_gt/smplx_gt/trainset_renderpeople_kids_bfh/rp_holly_posed_012_0_0.pkl,neutral,11,10,11,/home/jaeson1012/agora_dataset/models/smplx_kid_template.npy,1.5671055912971497,0.2711080312728882,0.0983629673719406,0.4084476232528686,0.2490487098693847,0.2329356297850608,0.4819843396544456,0.3467545509338379,0.3751851767301559,0.7219397276639938,0.1729992112710684,0.0627672876149475,0.2606382272650702,0.1589227370845114,0.148640673020796,0.3075634101053075,0.2212706998555322,0.2394128250283388,0.460683524883871,kids,156.71055912971497,excluded
/home/jaeson1012/agora_dataset/smplx_gt/smplx_gt/trainset_renderpeople_kids_bfh/rp_holly_posed_014_0_0.pkl,neutral,11,10,11,/home/jaeson1012/agora_dataset/models/smplx_kid_template.npy,1.5092087388038635,0.2655276954174042,0.0947049334645271,0.4023190438747406,0.2394119724631309,0.2243562638759613,0.4637682363390922,0.324874997138977,0.352959394454956,0.6778343915939331,0.1759383500706803,0.0627513815879348,0.2665761425378454,0.1586341016371791,0.1486582061894081,0.3072923078265872,0.2152618049352533,0.2338704947697938,0.4491322997050472,kids,150.92087388038635,excluded
/home/jaeson1012/agora_dataset/smplx_gt/smplx_gt/trainset_renderpeople_kids_bfh/rp_marie_posed_002_0_0.pkl,neutral,11,10,11,/home/jaeson1012/agora_dataset/models/smplx_kid_template.npy,1.5325085520744324,0.2456380873918533,0.0862347334623336,0.4016700088977813,0.2374446839094162,0.2235279008746147,0.4609725847840309,0.3360378444194793,0.3589368164539337,0.6949746608734131,0.1602849700638557,0.0562703114090976,0.2620996850908749,0.1549385702207055,0.1458575226689881,0.3007960928896936,0.2192730630864096,0.2342152126773257,0.4534882757637354,kids,153.25085520744324,excluded
/home/jaeson1012/agora_dataset/smplx_gt/smplx_gt/trainset_renderpeople_kids_bfh/rp_noah_posed_001_0_0.pkl,male,11,10,11,/home/jaeson1012/agora_dataset/models/smplx_kid_template.npy,1.6352352499961853,0.3100391030311584,0.0973311737179756,0.4385568797588348,0.2458242177963256,0.2402202785015106,0.4860444962978363,0.3611530810594558,0.3889768868684768,0.7501299679279327,0.1895990824756754,0.0595212057214414,0.2681919190280774,0.1503295735564036,0.146902580837877,0.2972321543942807,0.2208569568570016,0.237872126881673,0.4587290837386747,kids,163.52352499961853,excluded
/home/jaeson1012/agora_dataset/smplx_gt/smplx_gt/trainset_renderpeople_kids_bfh/rp_noah_posed_002_0_0.pkl,male,11,10,11,/home/jaeson1012/agora_dataset/models/smplx_kid_template.npy,1.600029170513153,0.2929617166519165,0.0918751955032348,0.4263941347599029,0.2398383170366287,0.2354261726140976,0.4752644896507263,0.3556922227144241,0.3823996484279632,0.7380918711423874,0.1830977347481479,0.0574209503154052,0.2664914756667543,0.1498962153044428,0.1471386753146462,0.2970348906190891,0.2223035862529608,0.2389954230055206,0.4612990092584814,kids,160.0029170513153,excluded
/home/jaeson1012/agora_dataset/smplx_gt/smplx_gt/trainset_renderpeople_kids_bfh/rp_noah_posed_004_0_0.pkl,male,11,10,11,/home/jaeson1012/agora_dataset/models/smplx_kid_template.npy,1.57769113779068,0.3110374212265014,0.0980452746152877,0.4345797002315521,0.2367144078016281,0.2307846322655677,0.4674990400671959,0.3392217755317688,0.3686721473932266,0.7078939229249954,0.1971472196149005,0.0621447837709131,0.2754529640320575,0.1500384974800018,0.1462799826515772,0.296318480131579,0.2150115237427257,0.2336782774285572,0.448689801171283,kids,157.769113779068,excluded
/home/jaeson1012/agora_dataset/smplx_gt/smplx_gt/trainset_renderpeople_kids_bfh/rp_noah_posed_005_0_0.pkl,male,11,10,11,/home/jaeson1012/agora_dataset/models/smplx_kid_template.npy,1.588042974472046,0.312673807144165,0.0981291010975837,0.4348420798778534,0.2422744706273079,0.2373770475387573,0.4796515181660652,0.3426280468702316,0.3738046735525131,0.7164327204227448,0.1968925351331347,0.0617924720394971,0.2738226149216265,0.1525616589235272,0.1494777228038647,0.3020393817273919,0.2157548960437549,0.2353870012093259,0.4511418972530809,kids,158.8042974472046,excluded
/home/jaeson1012/agora_dataset/smplx_gt/smplx_gt/trainset_renderpeople_kids_bfh/rp_noah_posed_006_0_0.pkl,male,11,10,11,/home/jaeson1012/agora_dataset/models/smplx_kid_template.npy,1.619226336479187,0.2994420826435089,0.0939594358205795,0.4322222173213959,0.243923619389534,0.239475131034851,0.483398750424385,0.3593830168247223,0.3863676935434341,0.7457507103681564,0.1849291083633247,0.058027363873591,0.266931316261327,0.1506420775738595,0.1478947850833262,0.2985368626571857,0.2219473638294183,0.2386125304653482,0.4605598942947665,kids,161.9226336479187,excluded
/home/jaeson1012/agora_dataset/smplx_gt/smplx_gt/trainset_renderpeople_kids_bfh/rp_noah_posed_007_0_0.pkl,male,11,10,11,/home/jaeson1012/agora_dataset/models/smplx_kid_template.npy,1.6288033723831177,0.3213497996330261,0.0991005897521972,0.4385119676589966,0.2475093007087707,0.2415669038891792,0.48907620459795,0.3587977141141891,0.3885947316884994,0.7473924458026886,0.1972919537628757,0.0608425740224262,0.2692233912908748,0.1519577530998339,0.148309432547245,0.300267185647079,0.2202830127919177,0.2385768216576951,0.4588598344496129,kids,162.88033723831177,excluded
/home/jaeson1012/agora_dataset/smplx_gt/smplx_gt/trainset_renderpeople_kids_bfh/rp_noah_posed_008_0_0.pkl,male,11,10,11,/home/jaeson1012/agora_dataset/models/smplx_kid_template.npy,1.6039483547210691,0.3061912357807159,0.0954533368349075,0.4327158331871032,0.2394778579473495,0.2334185615181923,0.4728964194655418,0.3532048314809799,0.3802107721567154,0.7334156036376953,0.1908984381445145,0.0595114777567181,0.2697816497105068,0.1493052174918658,0.1455274796293452,0.2948326971212111,0.2202096036579701,0.2370467671465862,0.4572563708045563,kids,160.3948354721069,excluded
/home/jaeson1012/agora_dataset/smplx_gt/smplx_gt/trainset_renderpeople_kids_bfh/rp_noah_posed_009_0_0.pkl,male,11,10,11,/home/jaeson1012/agora_dataset/models/smplx_kid_template.npy,1.5699113011360168,0.307269424200058,0.0960439294576644,0.4289069771766662,0.236330859363079,0.2307811304926872,0.4671119898557663,0.3399729579687118,0.3685833215713501,0.708556279540062,0.1957240666894442,0.0611779336757212,0.2732045924290762,0.1505377145779291,0.1470026557078032,0.2975403702857323,0.2165555198709004,0.2347797109968164,0.4513352308677169,kids,156.99113011360168,excluded
/home/jaeson1012/agora_dataset/smplx_gt/smplx_gt/trainset_renderpeople_kids_bfh/rp_noah_posed_010_0_0.pkl,male,11,10,11,/home/jaeson1012/agora_dataset/models/smplx_kid_template.npy,1.621447503566742,0.3124887347221374,0.0996823981404304,0.4448656737804413,0.2450822591781616,0.2401220276951789,0.4852042868733406,0.3482677042484283,0.3790530860424042,0.7273207902908325,0.1927220795213829,0.0614774131886209,0.2743632913195513,0.1511502892563882,0.1480911513736806,0.2992414406300688,0.2147881466913572,0.2337745040826735,0.4485626507740308,kids,162.1447503566742,excluded
/home/jaeson1012/agora_dataset/smplx_gt/smplx_gt/trainset_renderpeople_kids_bfh/rp_noah_posed_011_0_0.pkl,male,11,10,11,/home/jaeson1012/agora_dataset/models/smplx_kid_template.npy,1.5951236486434937,0.3157946467399597,0.0992246642708778,0.4405716359615326,0.2414507120847702,0.2359364926815033,0.4773872047662735,0.3419453203678131,0.3727352172136307,0.7146805375814438,0.1979750265808635,0.0622049985624997,0.2761990497327266,0.1513680223411532,0.1479110994825671,0.2992791218237204,0.2143691623270749,0.2336716765064625,0.4480408388335374,kids,159.51236486434937,excluded
/home/jaeson1012/agora_dataset/smplx_gt/smplx_gt/trainset_renderpeople_kids_bfh/rp_noah_posed_012_0_0.pkl,male,11,10,11,/home/jaeson1012/agora_dataset/models/smplx_kid_template.npy,1.597930133342743,0.315834105014801,0.099577784538269,0.4357419312000274,0.243131436407566,0.237852431833744,0.4809838682413101,0.3454771637916565,0.3770226836204529,0.7224998474121094,0.1976520114519032,0.0623167324155532,0.272691478874918,0.1521539842915124,0.1488503326088329,0.3010043169003453,0.2162029218817882,0.2359444106806793,0.4521473325624676,kids,159.7930133342743,excluded
/home/jaeson1012/agora_dataset/smplx_gt/smplx_gt/trainset_renderpeople_kids_bfh/rp_noah_posed_013_0_0.pkl,male,11,10,11,/home/jaeson1012/agora_dataset/models/smplx_kid_template.npy,1.596142292022705,0.3217096328735351,0.1016934067010879,0.4380680024623871,0.2428811118006706,0.2373572736978531,0.4802383854985237,0.3433824926614761,0.3763410300016403,0.7197235226631165,0.2015544820041387,0.0637119931032072,0.2744542292073767,0.1521675811828032,0.1487068382838619,0.3008744194666651,0.2151327575101879,0.2357816291708702,0.4509143866810581,kids,159.6142292022705,excluded
/home/jaeson1012/agora_dataset/smplx_gt/smplx_gt/trainset_renderpeople_kids_bfh/rp_noah_posed_014_0_0.pkl,male,11,10,11,/home/jaeson1012/agora_dataset/models/smplx_kid_template.npy,1.604749321937561,0.3144619464874267,0.0988511964678764,0.437847226858139,0.2455967366695404,0.2410272508859634,0.4866239875555038,0.3473375141620636,0.3787111043930053,0.726048618555069,0.1959570521006658,0.0615991514166987,0.2728446249346196,0.1530436768610121,0.1501962004850384,0.3032398773460505,0.2164434715215777,0.235993933267878,0.4524374047894557,kids,160.4749321937561,excluded
/home/jaeson1012/agora_dataset/smplx_gt/smplx_gt/trainset_renderpeople_kids_bfh/rp_peter_posed_002_0_0.pkl,male,11,10,11,/home/jaeson1012/agora_dataset/models/smplx_kid_template.npy,1.4889090061187744,0.2847916483879089,0.0872238874435424,0.4070316553115845,0.2261224240064621,0.2214867547154426,0.4476091787219047,0.3189049959182739,0.3445349931716919,0.6634399890899658,0.191275388366608,0.0585824164439128,0.2733757762488236,0.1518712178361447,0.1487577506786697,0.3006289685148144,0.2141870286281511,0.2314009733004512,0.4455880019286023,kids,148.89090061187744,excluded
/home/jaeson1012/agora_dataset/smplx_gt/smplx_gt/trainset_renderpeople_kids_bfh/rp_tyler_posed_002_0_0.pkl,male,11,10,11,/home/jaeson1012/agora_dataset/models/smplx_kid_template.npy,1.4003642201423645,0.2660363912582397,0.0811089798808097,0.3913973271846771,0.206690214574337,0.2012336328625679,0.4079238474369049,0.2955506592988968,0.3169160932302475,0.6124667525291443,0.1899765699749125,0.0579199173430495,0.2794968062986404,0.1475974690022602,0.1437009243510306,0.2912983933532909,0.2110527068942466,0.2263097618975362,0.4373624687917829,kids,140.03642201423645,excluded
/home/jaeson1012/agora_dataset/smplx_gt/smplx_gt/trainset_renderpeople_kids_bfh/rp_tyler_posed_003_0_0.pkl,male,11,10,11,/home/jaeson1012/agora_dataset/models/smplx_kid_template.npy,1.400520920753479,0.2663581073284149,0.0805904641747474,0.3828764259815216,0.2109201997518539,0.2059201598167419,0.4168403595685959,0.2995029389858246,0.320825532078743,0.6203284710645676,0.1901850257153706,0.057543206231714,0.2733814399398864,0.1506012488827222,0.1470311201820227,0.2976323690647449,0.2138510996499019,0.2290758583642857,0.4429269580141876,kids,140.0520920753479,excluded
/home/jaeson1012/agora_dataset/smplx_gt/smplx_gt/trainset_renderpeople_kids_bfh/rp_tyler_posed_005_0_0.pkl,male,11,10,11,/home/jaeson1012/agora_dataset/models/smplx_kid_template.npy,1.4009474515914917,0.2677577435970306,0.0828925520181655,0.3865269124507904,0.211117148399353,0.2067369148135185,0.4178540632128715,0.2969035506248474,0.3204675018787384,0.6173710525035858,0.1911261862769049,0.059168923091297,0.2759039334499603,0.1506959794669826,0.1475693571366028,0.2982653366035855,0.2119305404978336,0.2287505512891892,0.4406810917870228,kids,140.09474515914917,excluded
/home/jaeson1012/agora_dataset/smplx_gt/smplx_gt/trainset_renderpeople_kids_bfh/rp_tyler_posed_011_0_0.pkl,male,11,10,11,/home/jaeson1012/agora_dataset/models/smplx_kid_template.npy,1.4498685598373413,0.2726713716983795,0.0860102474689483,0.3940076529979706,0.2176194936037063,0.2145662382245063,0.4321857318282127,0.3146505653858185,0.3431450128555298,0.6577955782413483,0.1880662697651504,0.0593227895627985,0.2717540499272387,0.1500960153437086,0.1479901310837295,0.2980861464274382,0.2170200624400867,0.2366731870467118,0.4536932494867985,kids,144.98685598373413,excluded
/home/jaeson1012/agora_dataset/smplx_gt/smplx_gt/trainset_renderpeople_kids_body/rp_emily_posed_008_0_0.pkl,neutral,11,10,11,/home/jaeson1012/agora_dataset/models/smplx_kid_template.npy,1.4442495107650757,0.2559313476085663,0.0958582311868667,0.3980286121368408,0.220820277929306,0.2042598128318786,0.4250800907611847,0.3022064864635467,0.327056422829628,0.6292629092931747,0.1772071554817348,0.0663723480412237,0.2755954626745827,0.1528962109963456,0.1414297261722278,0.2943259371685735,0.2092481141319245,0.2264542382682708,0.4357023524001953,kids,144.42495107650757,excluded
/home/jaeson1012/agora_dataset/smplx_gt/smplx_gt/trainset_renderpeople_kids_body/rp_emily_posed_017_0_0.pkl,neutral,11,10,11,/home/jaeson1012/agora_dataset/models/smplx_kid_template.npy,1.5502685904502869,0.2666966021060943,0.099355936050415,0.4159608483314514,0.2392348498106002,0.2231551334261894,0.4623899832367897,0.3338517993688583,0.3611167818307876,0.694968581199646,0.1720325134295795,0.0640894982085371,0.2683153428340005,0.1543183234726524,0.143946110242337,0.2982644337149894,0.2153509407501371,0.23293820442166,0.4482891451717971,kids,155.0268590450287,excluded
/home/jaeson1012/agora_dataset/smplx_gt/smplx_gt/trainset_renderpeople_kids_body/rp_emily_posed_024_0_0.pkl,neutral,11,10,11,/home/jaeson1012/agora_dataset/models/smplx_kid_template.npy,1.5677236914634705,0.2427562475204467,0.0994123667478561,0.4072993695735931,0.2423522397875785,0.2229230925440788,0.4652753323316574,0.3456334918737411,0.3660570979118347,0.7116905897855759,0.1548463219904738,0.0634119183687622,0.2598030327610722,0.1545886185858062,0.1421953969043997,0.2967840154902059,0.2204683731934242,0.2334959278252154,0.4539643010186396,kids,156.77236914634705,excluded
/home/jaeson1012/agora_dataset/smplx_gt/smplx_gt/trainset_renderpeople_kids_body/rp_emily_posed_025_0_0.pkl,neutral,11,10,11,/home/jaeson1012/agora_dataset/models/smplx_kid_template.npy,1.5561391711235046,0.2523974180221557,0.0997324585914611,0.4057480990886688,0.2410525679588318,0.2225901931524276,0.4636427611112594,0.3438999801874161,0.3677585572004318,0.7116585373878479,0.1621946305997357,0.0640896781227196,0.2607402388025012,0.1549042479181319,0.1430400296341885,0.2979442775523205,0.2209956452282648,0.2363275496335695,0.4573231948618343,kids,155.61391711235046,excluded
/home/jaeson1012/agora_dataset/smplx_gt/smplx_gt/trainset_renderpeople_kids_body/rp_holly_posed_003_0_0.pkl,neutral,11,10,11,/home/jaeson1012/agora_dataset/models/smplx_kid_template.npy,1.4495447874069214,0.2444295436143875,0.0936750695109367,0.3797585666179657,0.225587323307991,0.2094892486929893,0.4350765720009804,0.3168923258781433,0.3427459895610809,0.6596383154392242,0.1686250371412431,0.0646237841871111,0.261984707141966,0.1556263216340782,0.1445207147188207,0.3001470363528989,0.2186150635918117,0.2364507758150863,0.455065839406898,kids,144.95447874069214,excluded
/home/jaeson1012/agora_dataset/smplx_gt/smplx_gt/trainset_renderpeople_kids_body/rp_holly_posed_004_0_0.pkl,neutral,11,10,11,/home/jaeson1012/agora_dataset/models/smplx_kid_template.npy,1.5417169332504272,0.2642740309238434,0.1005927324295044,0.4141386151313782,0.2403357401490211,0.2237551882863044,0.4640909284353256,0.3314678966999054,0.3584511429071426,0.689919039607048,0.1714154039721611,0.0652472125459652,0.2686216945533853,0.1558883702745077,0.1451337683724843,0.3010221386469921,0.2149991931405113,0.2325012686676627,0.447500461808174,kids,154.17169332504272,excluded
/home/jaeson1012/agora_dataset/smplx_gt/smplx_gt/trainset_renderpeople_kids_body/rp_holly_posed_013_0_0.pkl,neutral,11,10,11,/home/jaeson1012/agora_dataset/models/smplx_kid_template.npy,1.4311531782150269,0.2370286732912063,0.0897377431392669,0.3788013756275177,0.2212452366948127,0.2053442001342773,0.4265894368290901,0.3101879805326462,0.3330998569726944,0.6432878375053406,0.1656207573719222,0.0627031016003404,0.2646826219538352,0.154592282686858,0.1434816365292136,0.2980739192160717,0.2167398886816022,0.2327492696401272,0.4494891583217295,kids,143.11531782150269,excluded
/home/jaeson1012/agora_dataset/smplx_gt/smplx_gt/trainset_renderpeople_kids_body/rp_koji_posed_001_0_0.pkl,male,11,10,11,/home/jaeson1012/agora_dataset/models/smplx_kid_template.npy,1.4321476817131042,0.2797494232654571,0.0885128751397132,0.4067579507827759,0.2119390442967414,0.2070592194795608,0.4189982637763023,0.2975368499755859,0.3245480060577392,0.6220848560333252,0.1953355976045898,0.0618042931395427,0.2840195574636693,0.147986864066438,0.1445795165704427,0.2925663806368807,0.2077557040902924,0.2266162981666261,0.4343720022569186,kids,143.21476817131042,excluded
/home/jaeson1012/agora_dataset/smplx_gt/smplx_gt/trainset_renderpeople_kids_body/rp_marie_posed_001_0_0.pkl,neutral,11,10,11,/home/jaeson1012/agora_dataset/models/smplx_kid_template.npy,1.5385326743125916,0.2583458721637726,0.0958026200532913,0.420838713645935,0.2345970273017883,0.2185752242803573,0.4531722515821457,0.3255443572998047,0.3489257246255874,0.6744700819253922,0.1679170527068592,0.0622688238298841,0.2735325161904433,0.1524810172826554,0.1420673268301017,0.2945483441127571,0.2115940484951066,0.2267912345647684,0.4383852830598752,kids,153.85326743125916,excluded
/home/jaeson1012/agora_dataset/smplx_gt/smplx_gt/trainset_renderpeople_kids_body/rp_noah_posed_003_0_0.pkl,male,11,10,11,/home/jaeson1012/agora_dataset/models/smplx_kid_template.npy,1.5804039239883425,0.3141873180866241,0.0990780442953109,0.4354503154754638,0.2411864325404167,0.2363850474357605,0.4775714799761772,0.3382553458213806,0.3707049489021301,0.7089602947235107,0.1988019096369579,0.0626915959846995,0.275531026509066,0.1526106262326616,0.1495725515785951,0.3021831778112568,0.214030945309065,0.2345634196899555,0.4485943649990205,kids,158.04039239883426,excluded
/home/jaeson1012/agora_dataset/smplx_gt/smplx_gt/trainset_renderpeople_kids_body/rp_tyler_posed_008_0_0.pkl,male,11,10,11,/home/jaeson1012/agora_dataset/models/smplx_kid_template.npy,1.4033253192901611,0.2771193087100982,0.0867127329111099,0.3884995281696319,0.2123175486922264,0.2080117836594581,0.4203293323516845,0.2970617413520813,0.3244730681180954,0.6215348094701767,0.1974733191946344,0.0617908988879153,0.2768420998533292,0.1512960293480789,0.1482277707101272,0.2995238000582061,0.2116841599511244,0.2312172834465941,0.4429014433977186,kids,140.3325319290161,excluded
/home/jaeson1012/agora_dataset/smplx_gt/smplx_gt/trainset_renderpeople_kids_body/rp_tyler_posed_009_0_0.pkl,male,11,10,11,/home/jaeson1012/agora_dataset/models/smplx_kid_template.npy,1.4465925097465515,0.2824214398860931,0.0878570079803466,0.3990264534950256,0.2163706347346305,0.2111202105879783,0.4274908453226089,0.3088827431201935,0.3338373303413391,0.6427200734615326,0.1952322011784607,0.0607337639234282,0.2758388770898147,0.1495726220596424,0.1459431105619145,0.2955157326215569,0.2135243622782969,0.2307749612223754,0.4442993235006723,kids,144.65925097465515,excluded
/home/jaeson1012/agora_dataset/smplx_gt/smplx_gt/trainset_renderpeople_kids_body/rp_tyler_posed_014_0_0.pkl,male,11,10,11,/home/jaeson1012/agora_dataset/models/smplx_kid_template.npy,1.4133340716362,0.2724808752536773,0.0848222598433494,0.386561781167984,0.2114982530474662,0.2068217173218727,0.418319970369339,0.3038402795791626,0.3283342868089676,0.6321745663881302,0.1927929714014674,0.060015718537905,0.2735105513450659,0.1496449121916499,0.1463360443029847,0.2959809564946347,0.2149812175881462,0.2323118740276734,0.4472930916158196,kids,141.33340716362,excluded
/home/jaeson1012/agora_dataset/smplx_gt/smplx_gt/trainset_renderpeople_p27_kids_bfh/rp_haily_posed_001_0_0.pkl,neutral,11,10,11,/home/jaeson1012/agora_dataset/models/smplx_kid_template.npy,1.5211337804794312,0.2623610496520996,0.1029078289866447,0.4068269431591034,0.2355295270681381,0.2163310870528221,0.4518606141209602,0.3273967802524566,0.3518433570861816,0.6792401373386383,0.1724773014832453,0.0676520568455262,0.2674498116995861,0.1548381411882812,0.142217002757403,0.2970551439456842,0.2152320752151515,0.2313033617432962,0.4465354369584477,kids,152.11337804794312,excluded
/home/jaeson1012/agora_dataset/smplx_gt/smplx_gt/trainset_renderpeople_p27_kids_bfh/rp_haily_posed_002_0_0.pkl,neutral,11,10,11,/home/jaeson1012/agora_dataset/models/smplx_kid_template.npy,1.5356420278549194,0.2644844055175781,0.1026705130934715,0.4143372774124145,0.2354874685406685,0.2173890471458435,0.452876515686512,0.3287277370691299,0.3539010882377624,0.6826288253068924,0.1722305073188355,0.0668583636232515,0.2698137130247644,0.1533478924574707,0.1415623193443761,0.2949102118018469,0.2140653427728318,0.2304580636752392,0.444523406448071,kids,153.56420278549194,excluded
/home/jaeson1012/agora_dataset/smplx_gt/smplx_gt/trainset_renderpeople_p27_kids_bfh/rp_haily_posed_003_0_0.pkl,neutral,11,10,11,/home/jaeson1012/agora_dataset/models/smplx_kid_template.npy,1.5881356596946716,0.2823402881622314,0.1037177518010139,0.4326421320438385,0.2446930333971977,0.22721628844738,0.4719093218445778,0.3377322405576706,0.3644256591796875,0.7021578997373581,0.1777809637600562,0.0653078665968336,0.2724213951136998,0.1540756495854021,0.1430710827883958,0.297146732373798,0.2126595662631249,0.2294675879576625,0.4421271542207874,kids,158.81356596946716,excluded
/home/jaeson1012/agora_dataset/smplx_gt/smplx_gt/trainset_renderpeople_p27_kids_bfh/rp_haily_posed_004_0_0.pkl,neutral,11,10,11,/home/jaeson1012/agora_dataset/models/smplx_kid_template.npy,1.480955958366394,0.2620731592178345,0.0979241579771041,0.4006579518318176,0.2286097258329391,0.21153075248003,0.4401404783129692,0.3173495382070541,0.3427188396453857,0.6600683778524399,0.1769621559218553,0.0661222620591107,0.2705400856577623,0.1543663230101136,0.142833925131281,0.2972002481413946,0.2142869518936367,0.2314173069828696,0.4457042588765064,kids,148.0955958366394,excluded
/home/jaeson1012/agora_dataset/smplx_gt/smplx_gt/trainset_renderpeople_p27_kids_bfh/rp_haily_posed_005_0_0.pkl,neutral,11,10,11,/home/jaeson1012/agora_dataset/models/smplx_kid_template.npy,1.6013673543930054,0.291496217250824,0.1067891418933868,0.4366149008274078,0.2478055208921432,0.2303947582840919,0.4782002791762352,0.3411707729101181,0.3706392049789428,0.711809977889061,0.1820295739457702,0.0666862238701406,0.2726513061663516,0.1547462049930906,0.1438737699079812,0.2986199749010719,0.2130496615746473,0.2314517052955864,0.4445013668702338,kids,160.13673543930054,excluded
/home/jaeson1012/agora_dataset/smplx_gt/smplx_gt/trainset_renderpeople_p27_kids_bfh/rp_haily_posed_008_0_0.pkl,neutral,11,10,11,/home/jaeson1012/agora_dataset/models/smplx_kid_template.npy,1.6423660516738892,0.2837494015693664,0.1070722639560699,0.4345481097698211,0.2595628052949905,0.2414143532514572,0.5009771585464478,0.3582611829042434,0.3867568373680115,0.7450180202722549,0.1727686719292394,0.0651939096323517,0.2645866366556544,0.1580419937628677,0.146991806732372,0.3050338004952397,0.2181372310631396,0.2354875985008526,0.4536248295639923,kids,164.23660516738892,excluded
/home/jaeson1012/agora_dataset/smplx_gt/smplx_gt/trainset_renderpeople_p27_kids_bfh/rp_haily_posed_009_0_0.pkl,neutral,11,10,11,/home/jaeson1012/agora_dataset/models/smplx_kid_template.npy,1.6021113395690918,0.2794566452503204,0.1069581881165504,0.4300546944141388,0.2469233125448227,0.2287990897893905,0.4757224023342132,0.3453737199306488,0.3730651438236236,0.7184388637542725,0.1744302273807536,0.066760770912038,0.2684299672517189,0.1541236906863388,0.1428109795733229,0.2969346702596617,0.2155741061189551,0.2328584378685967,0.4484325439875519,kids,160.21113395690918,excluded
/home/jaeson1012/agora_dataset/smplx_gt/smplx_gt/trainset_renderpeople_p27_kids_bfh/rp_lisa_posed_001_0_0.pkl,neutral,11,10,11,/home/jaeson1012/agora_dataset/models/smplx_kid_template.npy,1.410873532295227,0.2357960641384124,0.0853232592344284,0.3744419515132904,0.2203965112566948,0.2055994123220443,0.4259959235787391,0.3038684725761413,0.3273725509643554,0.6312410235404968,0.167127711124339,0.0604754836499225,0.265397247125434,0.1562128044872675,0.1457249056104785,0.301937710097746,0.2153761238130282,0.2320353621148322,0.4474114859278605,kids,141.0873532295227,excluded
/home/jaeson1012/agora_dataset/smplx_gt/smplx_gt/trainset_renderpeople_p27_kids_bfh/rp_lisa_posed_002_0_0.pkl,neutral,11,10,11,/home/jaeson1012/agora_dataset/models/smplx_kid_template.npy,1.4062151908874512,0.2448245137929916,0.0867247730493545,0.3853608071804046,0.2153663113713264,0.2006611078977584,0.4160274192690849,0.2965243905782699,0.3195730596780777,0.6160974502563477,0.1741017415965225,0.061672476311839,0.2740411351531528,0.1531531679980007,0.1426958755659031,0.2958490435639038,0.2108670084776539,0.2272575788890445,0.4381245873666984,kids,140.62151908874512,excluded
/home/jaeson1012/agora_dataset/smplx_gt/smplx_gt/trainset_renderpeople_p27_kids_body/rp_haily_posed_006_0_0.pkl,neutral,11,10,11,/home/jaeson1012/agora_dataset/models/smplx_kid_template.npy,1.6322023272514343,0.2918183207511902,0.1068436950445175,0.4445131421089172,0.252112440764904,0.2350015118718147,0.4871139526367187,0.3492830097675323,0.3787024468183517,0.7279854565858841,0.1787880803004373,0.0654598350098165,0.2723394855449448,0.1544615128624719,0.1439781747325089,0.2984396875949808,0.2139949220362352,0.2320193033029624,0.4460142253391976,kids,163.22023272514343,excluded
/home/jaeson1012/agora_dataset/smplx_gt/smplx_gt/trainset_renderpeople_p27_kids_body/rp_haily_posed_007_0_0.pkl,neutral,11,10,11,/home/jaeson1012/agora_dataset/models/smplx_kid_template.npy,1.5217329263687134,0.2669061124324798,0.1003885939717292,0.4096511602401733,0.2348646149039268,0.2181528806686401,0.453017495572567,0.3268489986658096,0.35432268679142,0.6811716854572296,0.1753961603954996,0.0659699164236952,0.2692004313908862,0.1543402333183264,0.143358191761819,0.2976984250801455,0.2147873605165159,0.232841572033888,0.4476289325504039,kids,152.17329263687134,excluded
